{
    "home": "Inicio",
    "about": "Acerca de",
    "services": "Servicios",
    "contact": "Contactanos",

    "contact_uppr": "CONTACTO",
    "corpor":"Corporativo",

    "slogan": "Tiene problemas?... ¡Nosotros las soluciones!",

    "about_us": "¿Quienes somos?...",
    "about_us_p": "Soluciones Spin es una empresa com mas de 18 años de experiencia, especializada en brindar soluciones integrales en las areas: Civil, Electrica y HVAC",
    
    "safety_i": "Seguridad Industrial",
    "safety_p": "Para Soluciones Spin S.A. de C.V. la seguridad es fundamental para el desarrollo de nuestra actividad empresarial. Es por ello que nuestro personal se encuentra en constante capacitacion.",
    
    "mission_h1": "Misión",
    "vision_h1": "Visión",
    "mission": "Ofrecer soluciones efectivas y sobresalientes, asumiendo las necesidades tanto de clientes como nuestras.",
    "vision": "Posicionar a Soluciones SPIN como empresa líder, ofreciendo la mejor oferta comercial del mercado.",
    
    "about_text": "En soluciones SPIN buscamos siempre estar a la vanguardia y contar con la mayor y la mejor infraestructura humana y mecánica necesaria para realizar un trabajo profesional que garantice los resultados acorde a las necesidades del cliente.",

    "build_work":"Obra Civil",
    "hvac":"CVAC",
    "e_install":"Instalaciones electricas",

    "projects":"Proyectos",
    "new_build":"Obra nueva",
    "renovation":"Remodelaciónes",
    "confort":"Confort",
    "cooling":"Refrigeración",
    "p_control":"Control de contaminación",
    "telecom":"Telecomunicaciones",
    "control":"Control",
    "s_facilities":"Instalaciones electricas, electronicas y especiales",

    "archtc":"Arquitectónicos",
    "struct":"Estructurales",
    "hydr":"Hidráulicos",
    "roadw":"Vías terrestres",

    "masonr":"Estructuras de mampostería",
    "concrt":"Estructuras de concreto",
    "metals":"Estructuras metalicas",
    "concret":"Firmes de concreto",

    "finish":"Acabados",
    "drywall":"Tablaroca",
    "cancel":"Cancelería",
    "floors":"Pisos",
    "paint":"Pintura",
    "areaa":"Adeacuaciones de áreas",

    "humidt":"Sistema de control de humedad",
    "aircon":"Sistema de calidad de aire",
    "coolin":"Sistema de enfriamiento",
    "heats":"Sistema de calefaccion",

    "consrv":"Camaras de conservacion",
    "freezr":"Camaras de congelacion",
    "tunels":"Tuneles de enfriamiento",
    "restr":"Cuartos de reposo",

    "dustc":"Sistema de control de polvo",
    "odorc":"Sistema de control de olores",
    "gasctrl":"Sistema de control de gases",

    "switc":"Conmutadores",
    "multl":"Multilinea",
    "interc":"Intercomunicacion",
    "swtchs":"Switches y Modéms",

    "indstr":"Control Idustrial",
    "nrgsv":"Ahorro de energia",
    
    "firdt":"Deteccion de incendios",
    "illmn":"Control de iluminacion",
    "ambnt":"Sonido ambiental",
    "pumpc":"Control de bombas",
    "alert":"Sistema de alarmas",

    "name_lbl":"Nombre",
    "email_lbl":"Correo electrónico",
    "phone_lbl":"Teléfono",
    "msg_lbl":"Mensaje",
    
    "btn_sbmt":"Enviar"
}